{
  "name": "vben-admin-pro",
  "version": "5.2.0",
  "private": true,
  "keywords": [
    "monorepo",
    "turbo",
    "vben",
    "vben admin",
    "vben pro",
    "vue",
    "vue admin",
    "vue vben admin",
    "vue vben admin pro",
    "vue3"
  ],
  "homepage": "https://github.com/vbenjs/vue-vben-admin",
  "bugs": "https://github.com/vbenjs/vue-vben-admin/issues",
  "repository": "vbenjs/vue-vben-admin.git",
  "license": "MIT",
  "author": {
    "name": "vben",
    "email": "ann.vben@gmail.com",
    "url": "https://github.com/anncwb"
  },
  "type": "module",
  "scripts": {
    "bootstrap": "pnpm install",
    "build": "cross-env NODE_OPTIONS=--max-old-space-size=8192 turbo build",
    "build:analyze": "turbo build:analyze",
    "build:docker": "./build-local-docker-image.sh",
    "build:antd": "pnpm run build --filter=@vben/web-antd",
    "build:docs": "pnpm run build --filter=@vben/docs",
    "build:ele": "pnpm run build --filter=@vben/web-ele",
    "build:naive": "pnpm run build --filter=@vben/web-naive",
    "build:play": "pnpm run build --filter=@vben/playground",
    "changeset": "pnpm exec changeset",
    "check": "pnpm run check:circular && pnpm run check:dep && pnpm run check:type && pnpm check:cspell",
    "check:circular": "vsh check-circular",
    "check:cspell": "cspell lint **/*.ts **/README.md .changeset/*.md --no-progress",
    "check:dep": "vsh check-dep",
    "check:type": "turbo run typecheck",
    "clean": "vsh clean",
    "commit": "czg",
    "dev": "turbo-run dev",
    "dev:antd": "pnpm -F @vben/web-antd run dev",
    "dev:docs": "pnpm -F @vben/docs run dev",
    "dev:ele": "pnpm -F @vben/web-ele run dev",
    "dev:naive": "pnpm -F @vben/web-naive run dev",
    "dev:play": "pnpm -F @vben/playground run dev",
    "format": "vsh lint --format",
    "lint": "vsh lint",
    "postinstall": "turbo run stub",
    "preinstall": "npx only-allow pnpm",
    "prepare": "is-ci || husky",
    "preview": "turbo-run preview",
    "publint": "vsh publint",
    "reinstall": "pnpm clean --del-lock && pnpm bootstrap",
    "test:unit": "vitest",
    "update:deps": "pnpm update --latest --recursive",
    "version": "pnpm exec changeset version && pnpm install --no-frozen-lockfile"
  },
  "devDependencies": {
    "vitest": "^2.0.5",
    "vue": "^3.4.38",
    "vue-tsc": "^2.0.29"
  },
  "engines": {
    "node": ">=20",
    "pnpm": ">=9"
  },
  "packageManager": "pnpm@9.9.0",
  "pnpm": {
    "peerDependencyRules": {
      "allowedVersions": {
        "eslint": "*"
      }
    },
    "overrides": {
      "@ctrl/tinycolor": "4.1.0",
      "clsx": "2.1.1",
      "pinia": "2.2.2",
      "vue": "3.4.38"
    },
    "neverBuiltDependencies": ["canvas", "node-gyp", "playwright"]
  }
}
