{
  "hash": "7ca9ef9a",
  "configHash": "8c71f4f0",
  "lockfileHash": "d5922ff3",
  "browserHash": "6a6f6403",
  "optimized": {
    "vue": {
      "src": "../../../../../node_modules/.pnpm/vue@3.5.1_typescript@5.4.5/node_modules/vue/dist/vue.runtime.esm-bundler.js",
      "file": "vue.js",
      "fileHash": "d2f8561a",
      "needsInterop": false
    },
    "vitepress > @vue/devtools-api": {
      "src": "../../../../../node_modules/.pnpm/@vue+devtools-api@7.4.5/node_modules/@vue/devtools-api/dist/index.js",
      "file": "vitepress___@vue_devtools-api.js",
      "fileHash": "00280d17",
      "needsInterop": false
    },
    "vitepress > @vueuse/core": {
      "src": "../../../../../node_modules/.pnpm/@vueuse+core@11.1.0_vue@3.5.1_typescript@5.4.5_/node_modules/@vueuse/core/index.mjs",
      "file": "vitepress___@vueuse_core.js",
      "fileHash": "ab00f3a4",
      "needsInterop": false
    }
  },
  "chunks": {
    "chunk-OSLMUPGQ": {
      "file": "chunk-OSLMUPGQ.js"
    }
  }
}